voter_id,dim1,dim2,dim3,jméno,kandidátka,klub,mp_id,name,party,datum
15,-3.250591417812188,4.452542804505608,3.94971507300684,,,,15.0,Milan Štěch,ČSSD,0.0
63,-1.8303572183787546,-3.0761738965882963,-0.19591309052714276,,,,63.0,Jitka Seitlová,KDU-ČSL,0.0
92,0.5678178058273049,3.8354711982833023,-1.156036239023352,,,,92.0,Jaroslav Doubrava,S.cz,0.0
120,5.806036019565445,-5.138648088270705,-4.999761708619346,,,,120.0,Jaroslav Kubera,ODS,0.0
139,-1.3658530256637418,6.179466911318553,2.7425588140362236,,,,139.0,Ivo Bárek,ČSSD,0.0
169,-0.7629214047741135,-4.242837412112837,-2.469153734964968,,,,169.0,Jan Horník,STAN,0.0
171,6.505055391321316,-0.5225383384966708,-4.8662977344887395,,,,171.0,Tomáš Jirsa,ODS,0.0
172,6.246104281222773,-4.806273996133681,-6.283837988730093,,,,172.0,Jiří Oberfalzer,KDU+ODS+TOP 09,0.0
193,4.3067176867089785,-3.6044622272698943,-5.344831044940821,,,,193.0,Tomáš Grulich,ODS,0.0
196,-2.08129453572754,3.9016435218082286,2.9280176006629075,,,,196.0,Jaromír Jermář,ČSSD,0.0
203,-2.7502229016687045,2.6836231100201053,3.401912409144358,,,,203.0,Božena Sekaninová,ČSSD,0.0
206,-1.4173726763576566,5.48337573925365,2.625423279767338,,,,206.0,Petr Vícha,ČSSD,0.0
207,-0.5742228839883317,-0.4875084546818461,-1.7738906302571742,,,,207.0,Jiří Čunek,KDU-ČSL,0.0
209,-3.2451324264535204,6.573272601786872,6.309550688237844,,,,209.0,Václav Homolka,KSČM,0.0
211,-0.933371455628894,6.3367980363504195,2.1397764794818235,,,,211.0,Miroslav Nenutil,ČSSD,0.0
224,-0.14952512695205175,0.20179780102479064,-1.5141080208815203,,,,224.0,Miroslav Antl,ČSSD,0.0
231,2.839475178249027,2.4882782821489364,-1.6000203701371094,,,,231.0,Radek Sušil,ČSSD,0.0
233,-1.4947628851194372,-3.032304389343924,-1.3110293044477956,,,,233.0,Alena Dernerová,SD-SN,0.0
239,1.0170965435657988,3.937603857764127,-0.10242478371794532,,,,239.0,Jaromír Strnad,ČSSD,0.0
240,-5.377164788502451,3.753629788855902,5.765253888908695,,,,240.0,Miluše Horská,KDU-ČSL+Nestran,0.0
241,-4.657618904347454,1.5446964826385658,6.443643124449817,,,,241.0,Petr Šilar,KDU-ČSL,0.0
243,6.426706919147272,-4.1207017414630345,-4.472961652017089,,,,243.0,Miloš Vystrčil,KDU+ODS+TOP 09,0.0
244,-0.7810572852804456,5.54758997124527,2.6554646160194,,,,244.0,Jan Žaloudík,ČSSD,0.0
253,-2.838269596097728,4.053098433984434,2.95283689100273,,,,253.0,Jiří Dienstbier,ČSSD,0.0
255,-5.658602758292842,5.301008042087668,5.708853678391963,,,,255.0,Zdeněk Brož,KDU+NV,0.0
256,-0.00423379843266421,6.171872140941583,3.371109861353758,,,,256.0,František Bublan,ČSSD,0.0
258,-0.717940489313717,6.048748583428143,4.386016603738923,,,,258.0,Lubomír Franc,ČSSD,0.0
259,1.0077233393447609,-4.408535720582889,-3.529806001062,,,,259.0,Luděk Jeništa,TOP+STAN,0.0
260,-1.5658095481565228,2.6128084568926013,2.6117612932291028,,,,260.0,Jan Látka,ČSSD,0.0
261,-0.03549862078965829,5.38457436184802,3.175723818391442,,,,261.0,Radko Martínek,ČSSD,0.0
262,1.6257764668004107,4.760247705504224,2.280994609931192,,,,262.0,Hassan Mezian,ČSSD,0.0
265,-0.26375312853347077,5.025538263490134,2.6758077220921352,,,,265.0,Eva Syková,ČSSD,0.0
266,-0.29282559931155977,5.947812876815823,2.8747628004360224,,,,266.0,Jan Veleba,NK,0.0
267,-3.276488798587116,-3.512273833045542,0.049771523770891696,,,,267.0,Eliška Wagnerová,SZ,0.0
268,8.093671387452412,-3.673302209300212,-5.725715806613382,,,,268.0,Jaroslav Zeman,ODS,0.0
269,-3.950212186178621,-1.0543404857400114,1.4623433131304708,,,,269.0,Libor Michálek,PirSZKDU,0.0
270,-0.8423381173047707,-4.870568300360095,-3.1539300870333564,,,,270.0,Leopold Sulovský,Ostravak,0.0
271,1.7524898004234524,-6.77873930303986,-5.211540461491262,,,,271.0,Jiří Šesták,STANHOPB,0.0
272,-0.938899851304263,2.5886125004953184,1.8417684584299732,,,,272.0,Patrik Kunčar,KDU-ČSL,0.0
274,-1.6874365757209189,8.298328313713393,3.0212098415397763,,,,274.0,Zdeňka Hamousová,ANO 2011,0.0
275,7.5956984901698545,-2.548177336903536,-4.767853240181188,,,,275.0,Lumír Aschenbrenner,ODSTOPKDUADSMon,0.0
276,-1.1953686147107911,5.418106927391025,0.9468293753423435,,,,276.0,Karel Kratochvíle,ČSSD,0.0
277,8.286840745351492,-2.596033317267433,-5.422287219379015,,,,277.0,Jiří Burian,ODS,0.0
278,-5.764293872879879,-1.0097733853222806,3.0467836259735086,,,,278.0,Václav Láska,SEN 21,0.0
279,2.6588456900773503,2.3363336404063815,-1.1487166493644323,,,,279.0,Zuzana Baudyšová,ANO 2011,0.0
280,-5.616634290990672,-0.6085993242339247,5.122288292568286,,,,280.0,Václav Hampl,KDUČSLSZ,0.0
281,2.2378559781709666,-5.481518767859834,-4.832529223428147,,,,281.0,Zbyněk Linhart,STAN+SLK,0.0
282,-1.0235214353904614,-5.737649392918126,-3.19745394260746,,,,282.0,Jiří Vosecký,STAN+SLK,0.0
284,-1.199136475632011,6.653540986144227,2.597602743737138,,,,284.0,Emilie Třísková,ČSSD,0.0
285,-1.6090388817900019,5.098201019279196,2.6377048141200583,,,,285.0,Jaroslav Malý,ČSSD,0.0
286,-5.082376913690705,2.798443924849902,5.740260372906949,,,,286.0,František Bradáč,KDU-ČSL,0.0
287,-0.4550930380119253,6.061009879118644,2.2941080688519806,,,,287.0,Pavel Štohl,ČSSD,0.0
288,-3.9774746581653693,-2.300271144695769,2.036490088613835,,,,288.0,Zdeněk Papoušek,KDU-ČSL,0.0
289,-4.838959444862265,2.9450579515082844,6.01875212412316,,,,289.0,Alena Šromová,KDU-ČSL,0.0
290,-5.281197579598096,0.9886570560358677,5.766786553141688,,,,290.0,Jiří Carbol,KDU-ČSL,0.0
291,-1.3236443854990132,8.330546986844979,3.594284437353471,,,,291.0,Peter Koliba,ANO 2011,0.0
293,6.906984958649148,-5.788821486123866,-6.582691734507677,,,,293.0,Ivo Valenta,SsČR,0.0
294,-1.849871543264172,-3.6007065498465787,-0.847519722591077,,,,294.0,Václav Chaloupek,OPAT,0.0
295,0.5775321754169975,6.079756093052134,1.2558646211014435,,,,295.0,Jaroslav Větrovský,ANO 2011,0.0
296,-3.222276250134382,1.238309941820894,2.1906789288845774,,,,296.0,Ladislav Kos,KDUSZ+HPP11+Pir,0.0
297,-4.915931919675596,0.4421630297830644,4.5060438380529195,,,,297.0,Renata Chmelová,KDU+Pir+DPD+LES,0.0
298,-1.2283136227478277,-2.5993729896100057,-2.040363991987835,,,,298.0,Jiří Růžička,KDU+ODS+STA+TOP,0.0
299,-1.5311659885019278,-4.044291292350119,-1.1773583865531216,,,,299.0,Petr Holeček,STAN,0.0
300,2.2857772055508585,-4.819732684199965,-3.8234262903034133,,,,300.0,Michael Canov,SLK,0.0
301,0.25747962354567333,-4.254349370327759,-2.19448853739404,,,,301.0,Tomáš Czernin,KDU+ODS+TOP 09,0.0
302,-4.347154470816768,2.6315793840672232,5.511152784678143,,,,302.0,Jaromíra Vítková,KDU+ODS+TOP 09,0.0
303,-2.168411932682197,7.110274651265037,3.032817298329866,,,,303.0,Jiří Dušek,ČSSDODSVasFaktB,0.0
304,-2.812669623214969,-0.1708562801552812,3.2522575940560507,,,,304.0,Lumír Kantor,KDU+ODS+TOP 09,0.0
305,-0.3443484815217817,5.755634162023517,0.7277431625716094,,,,305.0,Ladislav Václavec,ANO,0.0
306,-5.702119127073412,-0.6155171980232926,2.9552496470041625,,,,306.0,Petr Orel,KDUČSLSZ,0.0
307,7.1368410680749035,-5.149289262117142,-6.300257509640369,,,,307.0,Zdeněk Nytra,KDU+ODS+TOP 09,0.0
308,0.9772666850664252,5.599708445564026,0.8466955256541336,,,,308.0,Jiří Cieńciała,"""OSN""",0.0
309,-4.509617125850586,-0.33258680025760484,4.197528948280249,,,,309.0,Šárka Jelínková,KDU-ČSL,0.0
310,-3.857564481088212,2.0080280780648994,5.197833270856888,,,,310.0,Anna Hubáčková,KDU-ČSL,0.0
311,-1.9176672589819732,-3.511610040898569,-0.31220719141503295,,,,311.0,Jan Sobotka,STAN,0.0
312,-0.681204496397497,1.1523326798673497,1.9025332941801636,,,,312.0,Tomáš Goláň,SEN 21,0.0
313,-1.7070178102305849,-2.2297113745990234,-0.8219713890635029,,,,313.0,Jiří Drahoš,KDU+Z+STAN+TOP,0.0
314,0.3506312985644195,-3.7753041191777723,-2.4259985757806826,,,,314.0,Miroslav Balatka,STAN,0.0
315,-5.206333622815258,-0.8047332335514108,3.3254617686496046,,,,315.0,Přemysl Rabas,SEN 21,0.0
316,7.005467033742191,-5.540627389504721,-5.9173750955506685,,,,316.0,Pavel Karpíšek,ODS,0.0
317,8.170549112364224,-3.6741444390608837,-5.4792316179811715,,,,317.0,Vladislav Vilímec,ODS,0.0
318,5.202314771851796,-1.4416787175353367,-1.7832959413159368,,,,318.0,Ladislav Faktor,NK,0.0
319,1.8208580479225858,-1.7329158876567654,-1.8773273742571719,,,,319.0,Pavel Fischer,NK,0.0
320,-3.6140811537038053,-0.36638391969739514,1.7566564996077896,,,,320.0,Lukáš Wagenknecht,Piráti,0.0
321,-2.645446486071496,-2.965859523182807,-0.2480388143108763,,,,321.0,Marek Hilšer,MHS,0.0
322,7.557824443479575,0.06905282279115153,-3.0093570669851144,,,,322.0,Ladislav Chlupáč,ODS,0.0
323,7.5980137553195775,-5.413260102873791,-6.823741882251025,,,,323.0,Raduan Nwelati,ODS,0.0
324,-0.9292206434021492,-3.2835162344078874,-1.4956914153655172,,,,324.0,Zdeněk Hraba,STAN,0.0
325,6.763426220262729,-3.674357065732845,-3.7944155957254324,,,,325.0,Jan Tecl,ODS+STAN+STO,0.0
326,6.813615519612302,-3.4972230014131034,-4.05915387803107,,,,326.0,Martin Červíček,ODS,0.0
327,7.18461986515266,-4.327558346406394,-5.8255210555360275,,,,327.0,Michal Kortyš,ODS,0.0
328,-2.3871107050760374,-1.4482451000581875,0.02852263214458105,,,,328.0,Hana Žáková,STAN,0.0
329,8.105053569540388,-4.7520912380984734,-6.468612349354441,,,,329.0,Rostislav Koštial,ODS,0.0
330,-3.5856342421395175,-1.6247352568402145,1.165249033314651,,,,330.0,Mikuláš Bek,ZelODSSTANTOP09,0.0
331,4.479299933854815,-0.45748998875435787,-1.1721029445455258,,,,331.0,Jitka Chalánková,NK,0.0
332,-1.829588603056537,6.8936037919531,1.8990219066670853,,,,332.0,Miroslav Adámek,ANO,0.0
333,-0.4421771669588802,-3.2985778273151407,-1.059937544741174,,,,333.0,Herbert Pavera,ODS+STAN+TOP 09,0.0
15,-1.2976706890229803,6.828577582020848,1.0612366429253484,,,,15.0,Milan Štěch,ČSSD,1.0
63,-6.827663055781273,-1.4764252908651017,5.337975895968783,,,,63.0,Jitka Seitlová,KDU-ČSL,1.0
92,1.2792835651541097,7.349978098369693,-0.8529379112517788,,,,92.0,Jaroslav Doubrava,S.cz,1.0
120,8.169669096122663,0.5228477797680658,-6.43519135325009,,,,120.0,Jaroslav Kubera,ODS,1.0
139,0.6515599893660768,6.806044765599796,-0.3862408762064698,,,,139.0,Ivo Bárek,ČSSD,1.0
169,-2.6818016636695,-2.454221162469901,1.3565050957660416,,,,169.0,Jan Horník,STAN,1.0
171,8.061493909393064,-3.1531707591459117,-6.813906228929485,,,,171.0,Tomáš Jirsa,ODS,1.0
172,7.47071814789405,-1.8950747242242696,-5.9542315456640384,,,,172.0,Jiří Oberfalzer,KDU+ODS+TOP 09,1.0
206,0.5178093523537022,7.268120734981879,-0.5011320375145478,,,,206.0,Petr Vícha,ČSSD,1.0
207,0.9611874978939992,-0.4030626472505224,-0.16381506231686357,,,,207.0,Jiří Čunek,KDU-ČSL,1.0
211,-1.05628408224315,6.641515876310711,0.6859584561705439,,,,211.0,Miroslav Nenutil,ČSSD,1.0
224,2.5236390246577263,5.138166822701812,-2.2780095485675145,,,,224.0,Miroslav Antl,ČSSD,1.0
231,0.3263270259365701,6.640969999899178,-0.24127352706870814,,,,231.0,Radek Sušil,ČSSD,1.0
233,-4.258907226013188,-1.9446953317734867,2.8691476416269253,,,,233.0,Alena Dernerová,SD-SN,1.0
239,0.3281462815592645,6.009259372385988,0.13442678374112135,,,,239.0,Jaromír Strnad,ČSSD,1.0
240,-5.1202154695451965,0.3886359876242394,4.829028920747278,,,,240.0,Miluše Horská,KDU-ČSL+Nestran,1.0
241,-1.31418958623369,2.1827855604917192,3.380922165418578,,,,241.0,Petr Šilar,KDU-ČSL,1.0
243,8.088866744214428,-3.3618988409806416,-6.256471116990836,,,,243.0,Miloš Vystrčil,KDU+ODS+TOP 09,1.0
244,-2.141214181390372,3.9465684223040447,1.6497708164642055,,,,244.0,Jan Žaloudík,ČSSD,1.0
253,-6.835719041069575,3.42761791849837,5.825629536164624,,,,253.0,Jiří Dienstbier,ČSSD,1.0
268,8.274014911077819,-1.6609043033747057,-6.886285483937992,,,,268.0,Jaroslav Zeman,ODS,1.0
270,-1.667629122329514,-3.9055820704052215,-0.12760646280284393,,,,270.0,Leopold Sulovský,Ostravak,1.0
272,-0.6496213084224847,-0.4899642055997974,1.8452921485113394,,,,272.0,Patrik Kunčar,KDU-ČSL,1.0
274,0.5019888363520757,8.077557383797727,-0.4067487827443151,,,,274.0,Zdeňka Hamousová,ANO 2011,1.0
275,7.281217894574017,-2.6377770661923186,-5.485800656636579,,,,275.0,Lumír Aschenbrenner,ODSTOPKDUADSMon,1.0
276,0.9681109831030172,7.2493044738638535,-0.47468897675456606,,,,276.0,Karel Kratochvíle,ČSSD,1.0
277,8.714081610482042,-2.718738398471115,-6.58196589036603,,,,277.0,Jiří Burian,ODS,1.0
278,-6.685241382820864,-2.5850007849337664,3.9909953291010156,,,,278.0,Václav Láska,SEN 21,1.0
280,-7.624783581422332,-1.6890102962055165,6.443888717674841,,,,280.0,Václav Hampl,KDUČSLSZ,1.0
281,3.809100469680265,-3.737005202036728,-4.563468179790512,,,,281.0,Zbyněk Linhart,STAN+SLK,1.0
282,0.9906426604481092,-3.518133406259859,-2.2477274579073763,,,,282.0,Jiří Vosecký,STAN+SLK,1.0
284,0.5406989746455221,5.917305653511248,-0.23228603927173508,,,,284.0,Emilie Třísková,ČSSD,1.0
285,-0.49074520438890823,5.02080662785116,0.3702404778172283,,,,285.0,Jaroslav Malý,ČSSD,1.0
286,-4.9194013692744685,0.7637428755146853,5.665728907897479,,,,286.0,František Bradáč,KDU-ČSL,1.0
287,-1.0744344336034353,4.8698808530368485,1.3634940935305555,,,,287.0,Pavel Štohl,ČSSD,1.0
288,-4.395427748591019,-2.8521909684037805,3.676414153407485,,,,288.0,Zdeněk Papoušek,KDU-ČSL,1.0
289,-5.350795437197434,1.04402577752036,6.512311901390281,,,,289.0,Alena Šromová,KDU-ČSL,1.0
290,-3.4513112977279143,1.6667461499503755,4.219543343069398,,,,290.0,Jiří Carbol,KDU-ČSL,1.0
291,-0.10984191670590294,7.8633393843458075,0.8980141128637709,,,,291.0,Peter Koliba,ANO 2011,1.0
293,7.119113426247793,-0.7861246242795056,-6.752755669852573,,,,293.0,Ivo Valenta,SsČR,1.0
294,-3.5486141451339184,-2.359363128695975,1.9135498815744434,,,,294.0,Václav Chaloupek,OPAT,1.0
295,1.999728967819946,7.7595893396304545,-1.4977613399968683,,,,295.0,Jaroslav Větrovský,ANO 2011,1.0
296,-5.850528977827173,-1.7143710151139993,3.6612486415365155,,,,296.0,Ladislav Kos,KDUSZ+HPP11+Pir,1.0
297,-7.454985587180394,-1.4381300318757775,6.839695558453604,,,,297.0,Renata Chmelová,KDU+Pir+DPD+LES,1.0
298,-3.086589906573398,-1.4256196320258856,1.5541848754244534,,,,298.0,Jiří Růžička,KDU+ODS+STA+TOP,1.0
299,-2.3371548308273584,-4.307771557921167,0.2579773980817252,,,,299.0,Petr Holeček,STAN,1.0
300,2.189825974071745,-4.070593728910084,-2.684160593070268,,,,300.0,Michael Canov,SLK,1.0
301,-2.025677406900813,-3.528988371247137,1.83620973784816,,,,301.0,Tomáš Czernin,KDU+ODS+TOP 09,1.0
302,-5.028408920578867,1.36000738684875,5.774325883597363,,,,302.0,Jaromíra Vítková,KDU+ODS+TOP 09,1.0
303,0.8243201992411479,8.764058046260498,-0.5500102327290325,,,,303.0,Jiří Dušek,ČSSDODSVasFaktB,1.0
304,-5.751660611461549,-1.0401237369054137,5.522392544221204,,,,304.0,Lumír Kantor,KDU+ODS+TOP 09,1.0
305,0.6488702876882391,8.718562936252832,-0.539009202303117,,,,305.0,Ladislav Václavec,ANO,1.0
306,-6.703018506866357,-1.9505425250699917,4.792694694536935,,,,306.0,Petr Orel,KDUČSLSZ,1.0
307,7.451338118420292,-3.071894183771823,-5.560450869123342,,,,307.0,Zdeněk Nytra,KDU+ODS+TOP 09,1.0
308,0.4172460814028275,7.7487728036190875,-0.8895287546662982,,,,308.0,Jiří Cieńciała,"""OSN""",1.0
309,-3.637218331328761,-0.36905941340105447,4.349239686844083,,,,309.0,Šárka Jelínková,KDU-ČSL,1.0
310,-5.128228995913434,1.2301523158992036,5.599938735911476,,,,310.0,Anna Hubáčková,KDU-ČSL,1.0
311,-3.4870221551576903,-2.449864584191347,1.9295241949500423,,,,311.0,Jan Sobotka,STAN,1.0
312,-2.0886940193931545,-1.7658256463025626,1.0438074714285823,,,,312.0,Tomáš Goláň,SEN 21,1.0
313,-2.6026095326019445,-3.0097244075816416,0.7676273843261668,,,,313.0,Jiří Drahoš,KDU+Z+STAN+TOP,1.0
314,-3.8846861897911276,-3.636450673419821,2.0814868556150214,,,,314.0,Miroslav Balatka,STAN,1.0
315,-6.886198403483527,-2.0006077811467873,3.9476118247253558,,,,315.0,Přemysl Rabas,SEN 21,1.0
316,7.176699561881152,-3.013088271160692,-5.201139958891077,,,,316.0,Pavel Karpíšek,ODS,1.0
317,8.398476696694294,-2.1324786252626713,-5.536741645829221,,,,317.0,Vladislav Vilímec,ODS,1.0
318,6.5500202951411035,-3.841399809514145,-4.961134093427301,,,,318.0,Ladislav Faktor,NK,1.0
319,0.21119000755669629,-4.948257467667167,-0.07941106010941586,,,,319.0,Pavel Fischer,NK,1.0
320,-4.408208723500164,-1.5345438540562293,2.411948394792587,,,,320.0,Lukáš Wagenknecht,Piráti,1.0
321,-7.411748184494151,-1.3689265292806947,5.272569238398373,,,,321.0,Marek Hilšer,MHS,1.0
322,6.662933085071813,-3.817301092662241,-4.660197487762411,,,,322.0,Ladislav Chlupáč,ODS,1.0
323,8.17473631225598,-3.201305414971289,-6.153291854951241,,,,323.0,Raduan Nwelati,ODS,1.0
324,2.7630042091580767,-2.660621458829675,-3.310876675071564,,,,324.0,Zdeněk Hraba,STAN,1.0
325,8.141008782269369,-3.0017585978469885,-5.725427467796856,,,,325.0,Jan Tecl,ODS+STAN+STO,1.0
326,7.901050725163481,-2.3980884309563235,-5.936299373100779,,,,326.0,Martin Červíček,ODS,1.0
327,6.483388932268082,-2.9014560898702424,-5.048541989580625,,,,327.0,Michal Kortyš,ODS,1.0
328,-3.1071038868460676,-0.7226149846058783,1.6295119017163162,,,,328.0,Hana Žáková,STAN,1.0
329,7.985752328106012,-2.6038479695963614,-5.526704832392847,,,,329.0,Rostislav Koštial,ODS,1.0
330,-6.661639440307317,-2.7993311647310626,5.292533939829399,,,,330.0,Mikuláš Bek,ZelODSSTANTOP09,1.0
331,8.283549780229347,-4.537229906286912,-6.327382961830933,,,,331.0,Jitka Chalánková,NK,1.0
332,-0.6439624144649411,7.465057625571296,0.11720214656645002,,,,332.0,Miroslav Adámek,ANO,1.0
333,-2.8234515389245014,-2.856812777952239,2.7481509805670026,,,,333.0,Herbert Pavera,ODS+STAN+TOP 09,1.0
334,-4.077477573642661,-3.985380290265357,1.74368840679051,,,,334.0,David Smoljak,STAN+Piráti+TOP,1.0
15,-3.5168773310613286,4.99446731588081,3.085648353520623,,,,15.0,Milan Štěch,ČSSD,2.0
63,-3.450461264228658,-1.2559588510327544,4.934216336883822,,,,63.0,Jitka Seitlová,KDU-ČSL,2.0
92,3.0294409032757748,7.258334024120248,-1.4857747973670414,,,,92.0,Jaroslav Doubrava,S.cz,2.0
134,2.8996860316343365,7.711429863270263,-1.0849954700268802,,,,134.0,Ondřej Feber,ANO,2.0
139,-2.5456067661141133,6.36055807844808,1.8939496264623052,,,,139.0,Ivo Bárek,ČSSD,2.0
169,-3.7142592812504422,-3.65154916913525,0.007286415899458843,,,,169.0,Jan Horník,STAN,2.0
171,7.146082371906056,-0.8637127308890263,-4.0529390850300375,,,,171.0,Tomáš Jirsa,ODS,2.0
172,7.1452362949081145,-2.203111452923059,-2.822250402789631,,,,172.0,Jiří Oberfalzer,KDU+ODS+TOP 09,2.0
206,-1.1541191175963441,6.405807335182779,0.3875831549632588,,,,206.0,Petr Vícha,ČSSD,2.0
207,0.607833403315363,1.1798502777784738,0.08284873914092766,,,,207.0,Jiří Čunek,KDU-ČSL,2.0
211,0.12267289370686729,6.322333466855437,-0.823397536920595,,,,211.0,Miroslav Nenutil,ČSSD,2.0
224,3.1586245728895066,6.018290296701164,-3.9542076090088014,,,,224.0,Miroslav Antl,ČSSD,2.0
231,3.235883219635156,6.428695527232964,-3.8804788078754773,,,,231.0,Radek Sušil,ČSSD,2.0
233,-6.289987205276832,-3.3140116238491113,2.0766429052123048,,,,233.0,Alena Dernerová,SD-SN,2.0
239,2.1509792177784517,6.093670467125081,-1.3129046717674915,,,,239.0,Jaromír Strnad,ČSSD,2.0
240,-5.405115406353117,-0.5599931456716258,4.771781578949521,,,,240.0,Miluše Horská,KDU-ČSL+Nestran,2.0
241,-0.5291502389464973,1.4248193700155651,3.7510977693991987,,,,241.0,Petr Šilar,KDU-ČSL,2.0
243,6.080647665405826,-1.8670066176341926,-2.2136658757668513,,,,243.0,Miloš Vystrčil,KDU+ODS+TOP 09,2.0
244,-3.2874420255934447,6.233399009327826,0.6000178247201184,,,,244.0,Jan Žaloudík,ČSSD,2.0
253,-5.2265077777918005,2.8239856106658805,4.953048597661761,,,,253.0,Jiří Dienstbier,ČSSD,2.0
268,7.403663649866765,0.3969617057299864,-4.290654393886682,,,,268.0,Jaroslav Zeman,ODS,2.0
270,-2.1474209919781915,-2.295568099419289,0.3848581620384172,,,,270.0,Leopold Sulovský,Ostravak,2.0
272,-0.5707959488763218,1.6261253412396748,0.718872656802368,,,,272.0,Patrik Kunčar,KDU-ČSL,2.0
274,5.036037067919653,7.592032951721816,-4.301243908144002,,,,274.0,Zdeňka Hamousová,ANO 2011,2.0
275,7.490268689169859,-1.415121785623016,-3.6482060081151557,,,,275.0,Lumír Aschenbrenner,ODSTOPKDUADSMon,2.0
276,0.2917884247966483,8.30097555162067,0.468949002496864,,,,276.0,Karel Kratochvíle,ČSSD,2.0
277,7.650501843774335,-1.350936225676765,-5.807124482064128,,,,277.0,Jiří Burian,ODS,2.0
278,-3.815384054856548,-2.365736912397954,-0.7162649853327073,,,,278.0,Václav Láska,SEN 21,2.0
280,-7.15719462974276,-3.758241527057996,6.2627031418013015,,,,280.0,Václav Hampl,KDUČSLSZ,2.0
281,-2.0590184582010047,-2.3061552876215416,-2.426654116620686,,,,281.0,Zbyněk Linhart,STAN+SLK,2.0
282,-2.1173029902464817,-0.7093737519365604,-1.2706187731018883,,,,282.0,Jiří Vosecký,STAN+SLK,2.0
284,0.11339870895317183,3.0422824669726016,-1.3898312087836517,,,,284.0,Emilie Třísková,ČSSD,2.0
285,-1.1930026213372433,7.1298221020092445,1.5593967389790055,,,,285.0,Jaroslav Malý,ČSSD,2.0
286,-5.313305090732598,0.2138052719175536,6.150361361943109,,,,286.0,František Bradáč,KDU-ČSL,2.0
287,-1.9357148216531788,6.465100410015587,2.077790419994297,,,,287.0,Pavel Štohl,ČSSD,2.0
288,-2.961056985326969,-3.0939673703472477,2.170965615725256,,,,288.0,Zdeněk Papoušek,KDU-ČSL,2.0
289,-5.901108095068203,0.32381289324093043,6.612640597048514,,,,289.0,Alena Šromová,KDU-ČSL,2.0
290,-6.469630274894487,-0.7044374236351945,6.109341942462703,,,,290.0,Jiří Carbol,KDU-ČSL,2.0
291,3.561853090419626,6.656019197548602,-2.298221943724292,,,,291.0,Peter Koliba,ANO 2011,2.0
293,8.70204265297473,-1.4343306861136826,-8.106290277919637,,,,293.0,Ivo Valenta,SsČR,2.0
294,-5.262468158530043,-3.3339016622438113,0.5257387902593593,,,,294.0,Václav Chaloupek,OPAT,2.0
295,4.16867964566655,6.946270395904642,-3.331762511608204,,,,295.0,Jaroslav Větrovský,ANO 2011,2.0
296,-5.820401331907268,-2.5022498633177923,2.406694141995809,,,,296.0,Ladislav Kos,KDUSZ+HPP11+Pir,2.0
297,-6.365925736644277,-2.9908826139635782,6.142800658450761,,,,297.0,Renata Chmelová,KDU+Pir+DPD+LES,2.0
298,-4.658762704167136,-1.9549764752631922,0.48066720207783664,,,,298.0,Jiří Růžička,KDU+ODS+STA+TOP,2.0
299,-5.36998444078268,-3.0236350971861023,-0.8874196363322905,,,,299.0,Petr Holeček,STAN,2.0
300,2.8187015043867842,-1.1612016797974858,-2.1455000774558632,,,,300.0,Michael Canov,SLK,2.0
301,0.1939900968905507,-2.4754763175158807,1.4865695283569114,,,,301.0,Tomáš Czernin,KDU+ODS+TOP 09,2.0
302,-2.8324841879890097,0.4784593265956554,5.2761710018305035,,,,302.0,Jaromíra Vítková,KDU+ODS+TOP 09,2.0
303,3.9840908259340004,8.060113410473535,-2.7437846328469093,,,,303.0,Jiří Dušek,ČSSDODSVasFaktB,2.0
304,-2.9972028022952677,-0.4401054898866841,5.587306450316467,,,,304.0,Lumír Kantor,KDU+ODS+TOP 09,2.0
305,4.61452078501864,8.355548304832064,-2.843117243573468,,,,305.0,Ladislav Václavec,ANO,2.0
306,-6.913057828898677,-2.117452282626671,4.22267000792027,,,,306.0,Petr Orel,KDUČSLSZ,2.0
307,7.1429069444563185,-1.564782618195218,-3.2398755679369806,,,,307.0,Zdeněk Nytra,KDU+ODS+TOP 09,2.0
308,3.1673943708681263,7.089381006870344,0.2952350907454942,,,,308.0,Jiří Cieńciała,"""OSN""",2.0
309,-3.2968841189183573,-0.1070151351898376,5.530595165836477,,,,309.0,Šárka Jelínková,KDU-ČSL,2.0
310,-3.8271159096700504,1.127093911771316,5.622987510441552,,,,310.0,Anna Hubáčková,KDU-ČSL,2.0
311,-5.496865868593122,-2.4421732774749745,0.8223547463159183,,,,311.0,Jan Sobotka,STAN,2.0
312,0.9939761812656086,-1.3792452441105123,-0.40719951355637324,,,,312.0,Tomáš Goláň,SEN 21,2.0
313,-3.19198895804048,-1.332012792232169,0.14493575397345126,,,,313.0,Jiří Drahoš,KDU+Z+STAN+TOP,2.0
314,-4.617879355840183,-3.730066196546735,0.10743307449579484,,,,314.0,Miroslav Balatka,STAN,2.0
315,-5.6495042043203325,-3.04351131268007,2.393780972002298,,,,315.0,Přemysl Rabas,SEN 21,2.0
316,7.426410529012325,-1.0249900996294508,-4.715982366186843,,,,316.0,Pavel Karpíšek,ODS,2.0
317,7.0416039692662515,-0.9875208641281937,-3.0082273873082097,,,,317.0,Vladislav Vilímec,ODS,2.0
318,7.506958723873604,-1.0604366838107084,-3.7208271616159343,,,,318.0,Ladislav Faktor,NK,2.0
319,0.11841880494619308,-2.6068903145839424,-0.8396638354525161,,,,319.0,Pavel Fischer,NK,2.0
320,-5.749286407461012,-4.18510514580839,1.6592981526920945,,,,320.0,Lukáš Wagenknecht,Piráti,2.0
321,-6.5015556019793195,-4.3025900791677305,2.4745135638474776,,,,321.0,Marek Hilšer,MHS,2.0
322,6.693392954052865,-1.4770705621239746,-2.816584478971556,,,,322.0,Ladislav Chlupáč,ODS,2.0
323,7.140425311434156,-1.4439737048828527,-3.322933647063707,,,,323.0,Raduan Nwelati,ODS,2.0
324,-0.5192644630499975,-2.488894185295067,-5.061030707527575,,,,324.0,Zdeněk Hraba,STAN,2.0
325,7.107906605681136,-1.9957599739322782,-3.0112032728908953,,,,325.0,Jan Tecl,ODS+STAN+STO,2.0
326,7.545729833292977,-1.566100148173441,-3.305443218247439,,,,326.0,Martin Červíček,ODS,2.0
327,6.632805903212931,-0.3775076227667224,-1.8014870521423072,,,,327.0,Michal Kortyš,ODS,2.0
328,-1.59584799598154,-0.5649880033441397,1.2008004472086935,,,,328.0,Hana Žáková,STAN,2.0
329,7.675123517133318,-2.575201310183358,-5.085253532159198,,,,329.0,Rostislav Koštial,ODS,2.0
330,-5.782355991892786,-4.31383888721806,2.6913704440269046,,,,330.0,Mikuláš Bek,ZelODSSTANTOP09,2.0
331,7.245500239949149,-0.9580480520150467,-2.830040289272622,,,,331.0,Jitka Chalánková,NK,2.0
332,3.8464091898962245,7.686643989247075,-3.1019765345172843,,,,332.0,Miroslav Adámek,ANO,2.0
333,0.9430479114387009,-1.6945095268678274,1.5117026018023085,,,,333.0,Herbert Pavera,ODS+STAN+TOP 09,2.0
334,-6.767274935995737,-3.968753037092736,1.3791860772855071,,,,334.0,David Smoljak,STAN+Piráti+TOP,2.0
335,7.216328144978543,-1.0123537395426385,-0.68141411287137,,,,335.0,Hynek Hanza,ODS,2.0
336,-8.092539134955164,-3.784241578244398,-6.094542667606871,,,,336.0,Miroslav Plevný,STAN,2.0
337,-6.101552410926716,-3.932961333739888,-4.184976654143465,,,,337.0,Ivo Trešl,STAN,2.0
339,6.451540865130609,1.4535140650151,4.802982320650725,,,,339.0,Tomáš Fiala,ODS,2.0
340,7.920441180005738,2.427608296181719,2.6256833043468304,,,,340.0,Jaroslav Chalupský,Svobodní,2.0
341,-6.016243825643616,-3.7544359515395396,-5.9221738336251075,,,,341.0,Petr Štěpánek,STAN,2.0
342,6.584984967156741,0.44535793217048253,3.242593003433351,,,,342.0,Miroslava Němcová,ODS+STAN+TOP 09,2.0
343,-7.787228139241117,-5.0120804671107795,-4.009894312538793,,,,343.0,Adéla Šípová,Piráti,2.0
344,-8.720725185112991,-3.12262972648543,-5.407890687953544,,,,344.0,Pavel Kárník,STAN,2.0
345,-5.562506170560793,-5.72466235135186,-1.599634651291025,,,,345.0,Jan Holásek,HDK+TOP+SE+Z+LE,2.0
346,3.7204171244288275,-0.8490008455714292,3.5472862810781236,,,,346.0,Jan Grulich,TOP 09+LES,2.0
347,0.48116913738707046,1.9509562795005086,4.457747544551757,,,,347.0,Josef Klement,KDU-ČSL,2.0
348,3.0216634378248295,-1.4500398023986536,3.2755903603212717,,,,348.0,Tomáš Třetina,ODS+STAN+TOP 09,2.0
349,-8.834443010982312,-7.177695214246591,-5.581667310237192,,,,349.0,Karel Zitterbart,STAN,2.0
350,6.223847718455913,0.859659796886753,4.618320337500239,,,,350.0,Roman Kraus,ODS+TOP 09,2.0
351,-6.155587380354301,-4.795264606222506,-4.257536359283594,,,,351.0,Marek Ošťádal,STAN,2.0
352,-0.5169331584663588,0.2568969645263809,-1.120168356079452,,,,352.0,Helena Pešatová,STAN,2.0
353,5.970675121504274,0.9140400408954218,3.8886959865787727,,,,353.0,Ondřej Šimetka,ODS,2.0
354,0.35684671599650797,2.488606768841202,3.722302816605257,,,,354.0,Josef Bazala,KDU-ČSL,2.0
63,-4.7598502764236725,-0.04364891875978073,2.420636718175248,,,,63.0,Jitka Seitlová,KDU-ČSL,3.0
92,3.683937261776679,6.533063328580487,0.34373559808769666,,,,92.0,Jaroslav Doubrava,S.cz,3.0
134,3.2821359091734204,6.381633981751304,-0.5144109041343601,,,,134.0,Ondřej Feber,ANO,3.0
169,-2.832705160602933,-4.372124471434674,-3.2440772359666883,,,,169.0,Jan Horník,STAN,3.0
171,6.892229695608191,0.9824601678279619,0.5336037444311045,,,,171.0,Tomáš Jirsa,ODS,3.0
172,4.103480539175671,-0.7207133553087561,-0.8643075935671435,,,,172.0,Jiří Oberfalzer,KDU+ODS+TOP 09,3.0
206,1.5576339556027154,5.61935518239466,1.6485957208258721,,,,206.0,Petr Vícha,ČSSD,3.0
207,1.4393515208583962,3.5980896891986087,0.08634531803679643,,,,207.0,Jiří Čunek,KDU-ČSL,3.0
233,-3.1964034913965493,-3.0653229607118355,-4.0746832782048115,,,,233.0,Alena Dernerová,SD-SN,3.0
239,2.090167424390457,6.647616316176224,0.4676590261392771,,,,239.0,Jaromír Strnad,ČSSD,3.0
240,-6.155208659360939,-0.30610683036713554,3.7197728954970626,,,,240.0,Miluše Horská,KDU-ČSL+Nestran,3.0
241,3.8168555297803777,4.448156514643068,1.5954293537695956,,,,241.0,Petr Šilar,KDU-ČSL,3.0
243,6.056153007784605,0.78657852693246,2.456908384132143,,,,243.0,Miloš Vystrčil,KDU+ODS+TOP 09,3.0
244,-2.2817143833883136,4.6414153968473855,0.16663294415961047,,,,244.0,Jan Žaloudík,ČSSD,3.0
268,5.0385092555857955,1.735548075102886,-2.2271005878803627,,,,268.0,Jaroslav Zeman,ODS,3.0
270,-1.7778211115799374,-2.807565328043669,-3.696851400031916,,,,270.0,Leopold Sulovský,Ostravak,3.0
272,0.46599212197309436,2.7590628349170627,-0.7030790346869177,,,,272.0,Patrik Kunčar,KDU-ČSL,3.0
275,7.410982259922223,1.4425034102333236,-0.011763198629984267,,,,275.0,Lumír Aschenbrenner,ODSTOPKDUADSMon,3.0
278,-10.012714410968648,-5.129318356048763,-3.1294986550604555,,,,278.0,Václav Láska,SEN 21,3.0
281,-3.473598177323941,-3.5901573415292427,-5.7242065525433325,,,,281.0,Zbyněk Linhart,STAN+SLK,3.0
282,0.37438148599709836,-2.1433967269645304,-3.7875645264896365,,,,282.0,Jiří Vosecký,STAN+SLK,3.0
294,-4.813936452083074,-3.7114883185789567,-3.3607390700903323,,,,294.0,Václav Chaloupek,OPAT,3.0
295,2.1330630209673744,6.918816437027488,0.6576405466374688,,,,295.0,Jaroslav Větrovský,ANO 2011,3.0
296,-8.950486041850786,-1.1589292404450677,-1.95042868802398,,,,296.0,Ladislav Kos,KDUSZ+HPP11+Pir,3.0
297,-6.493931238783313,0.5759575920133487,3.0965439375062935,,,,297.0,Renata Chmelová,KDU+Pir+DPD+LES,3.0
298,-3.7899795987654348,-3.152966024090885,-3.2911956737404093,,,,298.0,Jiří Růžička,KDU+ODS+STA+TOP,3.0
299,-5.469229728138928,-2.676931173119551,-4.372510545766372,,,,299.0,Petr Holeček,STAN,3.0
300,1.22155963652164,-1.9146647018406306,-3.4243858608331927,,,,300.0,Michael Canov,SLK,3.0
301,6.262611548755197,0.3181597720646259,3.5842684836352228,,,,301.0,Tomáš Czernin,KDU+ODS+TOP 09,3.0
302,-3.396941728431186,1.6130213670356248,5.069780246707743,,,,302.0,Jaromíra Vítková,KDU+ODS+TOP 09,3.0
303,3.52138489748832,6.594965963155382,1.7856476684331348,,,,303.0,Jiří Dušek,ČSSDODSVasFaktB,3.0
304,-2.9796633414079188,2.0474323844179954,5.512593586880587,,,,304.0,Lumír Kantor,KDU+ODS+TOP 09,3.0
305,2.273122881534727,7.998323823066607,0.7041687316722102,,,,305.0,Ladislav Václavec,ANO,3.0
306,-8.432982825398156,-3.281779392503606,1.9187088156833259,,,,306.0,Petr Orel,KDUČSLSZ,3.0
307,7.870128991133615,1.0963275906911836,2.0762394680743683,,,,307.0,Zdeněk Nytra,KDU+ODS+TOP 09,3.0
308,-0.0601090551508919,5.989458506757769,-2.4756443767804748,,,,308.0,Jiří Cieńciała,"""OSN""",3.0
309,-2.6791074383497118,1.9830159697623824,5.159061852027578,,,,309.0,Šárka Jelínková,KDU-ČSL,3.0
310,-2.9890170969019665,2.323389442415435,5.261855644679626,,,,310.0,Anna Hubáčková,KDU-ČSL,3.0
311,-2.068954899093413,-1.8520164826931593,-2.2443534007272095,,,,311.0,Jan Sobotka,STAN,3.0
312,5.075118546318425,1.65624272368943,2.0699174682544794,,,,312.0,Tomáš Goláň,SEN 21,3.0
313,-2.1241504073098882,-1.1185372800560234,0.33935578025509494,,,,313.0,Jiří Drahoš,KDU+Z+STAN+TOP,3.0
314,-8.248322845676839,-4.2785934576315166,-3.6606082861369202,,,,314.0,Miroslav Balatka,STAN,3.0
315,-9.384795142403615,-3.99133936209296,-1.7754407315013818,,,,315.0,Přemysl Rabas,SEN 21,3.0
316,6.975804218893313,0.18596952072353476,2.2397720792884264,,,,316.0,Pavel Karpíšek,ODS,3.0
317,8.440435227892246,1.6388888323290407,2.804406499808935,,,,317.0,Vladislav Vilímec,ODS,3.0
318,6.478702106905558,-0.512127218210326,0.27968193693932436,,,,318.0,Ladislav Faktor,NK,3.0
319,1.5486480483332201,-2.061225191213513,0.9497743107352133,,,,319.0,Pavel Fischer,NK,3.0
320,-9.754388385333234,-3.349102753340754,-3.2302775100009837,,,,320.0,Lukáš Wagenknecht,Piráti,3.0
321,-7.862102811414061,-3.22764067256546,-4.154376028703284,,,,321.0,Marek Hilšer,MHS,3.0
322,5.3713980624219175,0.012273932164792924,0.7892301103460237,,,,322.0,Ladislav Chlupáč,ODS,3.0
323,7.047265331461968,0.7246888262424344,1.802758896938578,,,,323.0,Raduan Nwelati,ODS,3.0
324,-2.362745026959397,-1.8560274694786794,-4.911362810132238,,,,324.0,Zdeněk Hraba,STAN,3.0
325,6.389687290404159,1.2190189999899064,2.145475687371054,,,,325.0,Jan Tecl,ODS+STAN+STO,3.0
326,7.1653066255070925,1.3332274136948348,1.8767733514286724,,,,326.0,Martin Červíček,ODS,3.0
327,6.941862745415519,0.21237332244403562,1.392370601768413,,,,327.0,Michal Kortyš,ODS,3.0
328,-3.2313408256716536,-1.009022501933457,-2.4053279699648376,,,,328.0,Hana Žáková,STAN,3.0
329,7.463559562181378,0.2162725962870236,1.4388540676546586,,,,329.0,Rostislav Koštial,ODS,3.0
330,-6.397164246756922,-3.3611934989165806,-0.8288641509914528,,,,330.0,Mikuláš Bek,ZelODSSTANTOP09,3.0
331,8.380535227290592,1.0114734727457522,2.7757336289507775,,,,331.0,Jitka Chalánková,NK,3.0
332,1.2189443460076503,5.61007245040609,0.030653182984180915,,,,332.0,Miroslav Adámek,ANO,3.0
333,4.748737924892223,0.5056193961147779,3.7909182681641407,,,,333.0,Herbert Pavera,ODS+STAN+TOP 09,3.0
334,-8.28241340200821,-4.52867911061515,-2.748089321867986,,,,334.0,David Smoljak,STAN+Piráti+TOP,3.0
335,6.780947293482596,0.4612976916303976,1.0953526304831023,,,,335.0,Hynek Hanza,ODS,3.0
336,-4.651914210555986,-2.444642677978505,-5.223375525159959,,,,336.0,Miroslav Plevný,STAN,3.0
337,-5.167718737802437,-2.6493725688243495,-2.7494260533495525,,,,337.0,Ivo Trešl,STAN,3.0
339,7.194718958788917,0.8127981697204295,3.017493348257316,,,,339.0,Tomáš Fiala,ODS,3.0
340,6.733155487699658,0.15755795563359912,1.3499883234578784,,,,340.0,Jaroslav Chalupský,Svobodní,3.0
341,-1.4209143163510203,-2.250479523093923,-4.208481324629614,,,,341.0,Petr Štěpánek,STAN,3.0
342,5.652247980321602,1.6353264970291876,3.0028602807510354,,,,342.0,Miroslava Němcová,ODS+STAN+TOP 09,3.0
343,-9.521167201402108,-3.1475955467979255,-2.130072413082262,,,,343.0,Adéla Šípová,Piráti,3.0
344,-6.527509889754569,-2.451939520723859,-3.1488197147343056,,,,344.0,Pavel Kárník,STAN,3.0
345,-6.5084367841562845,-2.1947710128660622,0.5662604345826454,,,,345.0,Jan Holásek,HDK+TOP+SE+Z+LE,3.0
346,4.821564639720729,0.15166560334283494,2.6823501376608214,,,,346.0,Jan Grulich,TOP 09+LES,3.0
347,-2.164733997112654,2.2112604257218944,4.110369405106118,,,,347.0,Josef Klement,KDU-ČSL,3.0
348,6.399782651104382,-0.04668710518501795,3.061695490082948,,,,348.0,Tomáš Třetina,ODS+STAN+TOP 09,3.0
349,-7.292158709673972,-3.357542710734658,-2.9477430148323527,,,,349.0,Karel Zitterbart,STAN,3.0
350,7.2257219959130055,0.4633793710273859,2.962579761015391,,,,350.0,Roman Kraus,ODS+TOP 09,3.0
351,-6.731837405277208,-4.021592452296081,-3.339229398492604,,,,351.0,Marek Ošťádal,STAN,3.0
352,-2.7556831400436343,-2.552916180114302,-3.0683422235875835,,,,352.0,Helena Pešatová,STAN,3.0
353,3.428833875777633,0.5546214645527331,3.8840533097774674,,,,353.0,Ondřej Šimetka,ODS,3.0
354,-2.1634232878355575,2.9594490183546305,4.244391962024308,,,,354.0,Josef Bazala,KDU-ČSL,3.0
63,-4.066117142363534,-1.9181142039799857,1.8225508081985269,,,,63.0,Jitka Seitlová,KDU-ČSL,4.0
92,3.0405546050141625,3.5872729511201773,1.3168265298737467,,,,92.0,Jaroslav Doubrava,S.cz,4.0
134,1.3590507999978483,4.344139040912025,-1.1465393814514848,,,,134.0,Ondřej Feber,ANO,4.0
169,-0.9763180806062188,0.8940984421035028,-3.341463173389922,,,,169.0,Jan Horník,STAN,4.0
171,5.76348514888741,0.9159654730787706,-2.370924911950798,,,,171.0,Tomáš Jirsa,ODS,4.0
172,5.081579818891813,-0.7007555444669579,-0.47908078542600263,,,,172.0,Jiří Oberfalzer,KDU+ODS+TOP 09,4.0
194,5.0892635747041455,0.9449831729774623,-1.9575487780752736,,,,194.0,Tomáš Töpfer,KDU+ODS+TOP 09,4.0
206,1.7818205927674506,6.171694931887035,-2.5363375501029553,,,,206.0,Petr Vícha,ČSSD,4.0
207,0.9529159590045356,2.3723210303315487,-2.102146959798928,,,,207.0,Jiří Čunek,KDU-ČSL,4.0
233,-4.046405284473315,0.04869792176624672,-2.4041725351144225,,,,233.0,Alena Dernerová,SD-SN,4.0
239,0.180279119552716,4.16253311396592,-2.5791178134769823,,,,239.0,Jaromír Strnad,ČSSD,4.0
240,-4.179748560461747,-2.4949966976029843,4.132518804648768,,,,240.0,Miluše Horská,KDU-ČSL+Nestran,4.0
241,-8.2254913858886,-2.0970153535102303,1.2668433736283475,,,,241.0,Petr Šilar,KDU-ČSL,4.0
243,1.05284452909611,-1.2494124402032858,1.9081426735389728,,,,243.0,Miloš Vystrčil,KDU+ODS+TOP 09,4.0
244,3.230796911236244,6.169220673791959,-3.095708996144747,,,,244.0,Jan Žaloudík,ČSSD,4.0
268,5.500093006926771,0.5654543529557161,-3.3946258039298343,,,,268.0,Jaroslav Zeman,ODS,4.0
270,-4.788254337027198,-1.0811504347920218,-2.376074755879619,,,,270.0,Leopold Sulovský,Ostravak,4.0
272,-0.5996364135493865,1.9843608293047494,-0.24591696650799486,,,,272.0,Patrik Kunčar,KDU-ČSL,4.0
275,5.72232806588091,0.0016988361717875616,0.22654440019966424,,,,275.0,Lumír Aschenbrenner,ODSTOPKDUADSMon,4.0
278,-5.306918923118001,-1.9092678348088346,-2.443109348968562,,,,278.0,Václav Láska,SEN 21,4.0
281,-4.036732781764313,-1.41842293703369,-5.333188549805282,,,,281.0,Zbyněk Linhart,STAN+SLK,4.0
282,-3.2337736175512464,-1.646241414923581,-1.4300315445410152,,,,282.0,Jiří Vosecký,STAN+SLK,4.0
294,-0.6790534328442562,-2.12976869520261,-0.45819141936474056,,,,294.0,Václav Chaloupek,OPAT,4.0
295,0.29815044138268987,4.286024744139441,-1.9954252043548364,,,,295.0,Jaroslav Větrovský,ANO 2011,4.0
296,-5.698436324186875,-0.920270621252636,-1.6578982000334708,,,,296.0,Ladislav Kos,KDUSZ+HPP11+Pir,4.0
297,-4.961611329950423,-3.902102745364073,2.589658443847103,,,,297.0,Renata Chmelová,KDU+Pir+DPD+LES,4.0
298,-2.9169639461112724,-0.715418482600028,-2.4814255203749975,,,,298.0,Jiří Růžička,KDU+ODS+STA+TOP,4.0
299,-3.9364987752682676,-1.5988176504143623,-0.6942348161692589,,,,299.0,Petr Holeček,STAN,4.0
300,-0.5369629742492843,1.7966800311274953,-3.8492777714907778,,,,300.0,Michael Canov,SLK,4.0
301,3.3422227732574843,-1.3667374969514596,4.4011560994737575,,,,301.0,Tomáš Czernin,KDU+ODS+TOP 09,4.0
302,-3.535328806204259,-0.7382438183202326,3.1506011245537646,,,,302.0,Jaromíra Vítková,KDU+ODS+TOP 09,4.0
303,2.2002415469799503,4.770262013286316,-0.6878215169764634,,,,303.0,Jiří Dušek,ČSSDODSVasFaktB,4.0
304,-3.530527160197846,-1.3592528649937934,3.1128870555036894,,,,304.0,Lumír Kantor,KDU+ODS+TOP 09,4.0
305,2.228671043778011,5.699219603013162,-3.9170257179200676,,,,305.0,Ladislav Václavec,ANO,4.0
306,-5.4422510700664555,-1.5943140493200478,-1.0582197392318036,,,,306.0,Petr Orel,KDUČSLSZ,4.0
307,6.16632388177964,-0.512774977153848,3.1924758135411317,,,,307.0,Zdeněk Nytra,KDU+ODS+TOP 09,4.0
308,2.4267981079268846,5.22233793905259,-0.8616905309324061,,,,308.0,Jiří Cieńciała,"""OSN""",4.0
309,-1.1907457100636707,-1.19191464841473,3.7606844090897993,,,,309.0,Šárka Jelínková,KDU-ČSL,4.0
310,-1.7752436516192027,-3.447637069482129,4.244008011435702,,,,310.0,Anna Hubáčková,KDU-ČSL,4.0
311,-1.6578113994638144,-1.9024092006979283,1.522600957671543,,,,311.0,Jan Sobotka,STAN,4.0
312,3.3952668528307575,-0.8776842248975801,1.987707630234015,,,,312.0,Tomáš Goláň,SEN 21,4.0
313,-2.665435783436242,-2.7895289028303663,0.04600350484018904,,,,313.0,Jiří Drahoš,KDU+Z+STAN+TOP,4.0
314,-4.257602367259775,-4.652084610427471,-0.3460041644333488,,,,314.0,Miroslav Balatka,STAN,4.0
315,-6.31063943233484,-1.6885223530601112,-0.48036704474509306,,,,315.0,Přemysl Rabas,SEN 21,4.0
316,6.1478211714362665,0.9694358618153381,-1.9192028799851581,,,,316.0,Pavel Karpíšek,ODS,4.0
317,5.593960533788298,1.1992554172810395,0.7410470578907074,,,,317.0,Vladislav Vilímec,ODS,4.0
318,5.38583118480228,0.40807697488428424,-2.508698512401527,,,,318.0,Ladislav Faktor,NK,4.0
319,0.11315640415585493,-0.3974136221869684,0.47217902071603907,,,,319.0,Pavel Fischer,NK,4.0
320,-6.806158885329372,-1.9257331328265488,-1.1217428751807244,,,,320.0,Lukáš Wagenknecht,Piráti,4.0
321,-5.9423040144907855,-1.5470794984123712,-3.253578966678493,,,,321.0,Marek Hilšer,MHS,4.0
322,3.0799165435451945,-0.5930243146449667,4.2159690296383046,,,,322.0,Ladislav Chlupáč,ODS,4.0
323,6.663186472616614,-0.43546035229640656,2.7748204318940326,,,,323.0,Raduan Nwelati,ODS,4.0
324,-1.0502308574897345,0.5867977822240525,-1.4937415561248484,,,,324.0,Zdeněk Hraba,STAN,4.0
325,4.815402718662121,0.6804493002062445,3.1413815758973342,,,,325.0,Jan Tecl,ODS+STAN+STO,4.0
326,5.903184604412276,1.795007351217791,0.1970169861202482,,,,326.0,Martin Červíček,ODS,4.0
327,5.49969581055987,-0.9780986662660179,2.902914500001492,,,,327.0,Michal Kortyš,ODS,4.0
328,-4.4923046923502215,-2.6009910593066206,-1.6545913460720019,,,,328.0,Hana Žáková,STAN,4.0
329,4.542808796003519,0.3961546259306169,1.0054056841352632,,,,329.0,Rostislav Koštial,ODS,4.0
330,-7.05480119840634,-2.9031497745008776,1.9594227181635187,,,,330.0,Mikuláš Bek,ZelODSSTANTOP09,4.0
331,6.112917944447188,1.0290190461312425,2.2493715812089032,,,,331.0,Jitka Chalánková,NK,4.0
332,2.683023285808304,4.981790951887695,-3.503769827113501,,,,332.0,Miroslav Adámek,ANO,4.0
333,3.6999329028398833,-0.6551012095214527,3.868414567549661,,,,333.0,Herbert Pavera,ODS+STAN+TOP 09,4.0
334,-5.3401406985675735,-3.395599675609469,-0.504547283897649,,,,334.0,David Smoljak,STAN+Piráti+TOP,4.0
335,5.983896932491467,1.6204373467132587,-2.3259680442467894,,,,335.0,Hynek Hanza,ODS,4.0
336,-1.5799570047994553,-2.2144466714919173,-1.3661494080940955,,,,336.0,Miroslav Plevný,STAN,4.0
337,-5.37770416552227,-1.195462211100283,-0.8239764333827453,,,,337.0,Ivo Trešl,STAN,4.0
339,2.0586360035621336,-0.45734362792218236,4.4178301588123725,,,,339.0,Tomáš Fiala,ODS,4.0
340,4.751211808382275,1.2105731454078459,-1.9726134884694575,,,,340.0,Jaroslav Chalupský,Svobodní,4.0
341,-1.4165765393071752,1.5603537980702487,-3.613989459529447,,,,341.0,Petr Štěpánek,STAN,4.0
342,4.041111430825076,0.24255569502606056,0.26019467716559014,,,,342.0,Miroslava Němcová,ODS+STAN+TOP 09,4.0
343,-7.224851345840358,-1.1146053170691201,-1.1744406742641582,,,,343.0,Adéla Šípová,Piráti,4.0
344,-4.839406648236515,0.054397951710769395,-0.8749987258615886,,,,344.0,Pavel Kárník,STAN,4.0
345,-5.1903799365314,0.26400210902077315,-1.478298713408197,,,,345.0,Jan Holásek,HDK+TOP+SE+Z+LE,4.0
346,3.9445454081106575,0.27361081997162384,3.1698174974004654,,,,346.0,Jan Grulich,TOP 09+LES,4.0
347,-1.7760423430941623,-1.6208020974178836,3.0491868785257026,,,,347.0,Josef Klement,KDU-ČSL,4.0
348,4.032616182897307,-0.17031799698150712,4.120780929337987,,,,348.0,Tomáš Třetina,ODS+STAN+TOP 09,4.0
349,-3.687847318764276,-1.6956049981208685,0.7045774377148692,,,,349.0,Karel Zitterbart,STAN,4.0
350,4.563609101204685,-0.6344653294906213,3.5726437983048993,,,,350.0,Roman Kraus,ODS+TOP 09,4.0
351,-5.138856376611924,-0.8064521873129901,-0.7835154230320709,,,,351.0,Marek Ošťádal,STAN,4.0
352,-4.809267269311995,0.32431312931173834,-1.5944283312555212,,,,352.0,Helena Pešatová,STAN,4.0
353,2.941526946002793,-0.8803299290740653,3.4688481576671837,,,,353.0,Ondřej Šimetka,ODS,4.0
354,-2.372692284200542,0.5032861233682634,2.9797897921230927,,,,354.0,Josef Bazala,KDU-ČSL,4.0
355,-4.890138550991181,-0.007512141930690028,-2.046030867735352,,,,355.0,Petr Fiala,KDU-ČSL+SproK,4.0
356,4.883559684003008,7.383388538809124,-1.8138219661278734,,,,356.0,Věra Procházková,ANO,4.0
357,5.854341233370969,-0.5583119130728004,0.6504215868889733,,,,357.0,Jan Paparega,ProMOST,4.0
358,6.765785717246211,1.1105802960964346,-6.352517878392898,,,,358.0,Daniela Kovářová,NK,4.0
359,5.355189794329065,0.7855752937626401,4.048584152788131,,,,359.0,Marek Slabý,KDUODST2020TOP,4.0
361,5.68135430660956,2.148577405573759,2.7970952202730066,,,,361.0,Jan Pirk,KDU+ODS+TOP 09,4.0
362,0.3115537405719249,-0.15861898207615407,-2.1072130013878523,,,,362.0,Hana Kordová Marvanová,KDU+ODS+TOP 09,4.0
363,5.792811805971355,2.8074117997185177,4.078672859053427,,,,363.0,Jarmila Smotlachová,ODS,4.0
364,-7.47805451290504,-2.4762241680824335,-0.2867701111465927,,,,364.0,Martin Krsek,SEN 21,4.0
365,-5.580614671832705,-0.4710729194271049,3.0721986068079867,,,,365.0,Bohuslav Procházka,KDU-ČSL,4.0
366,-4.137263990614386,0.8606795064272851,2.6261850669481435,,,,366.0,Ivana Váňová,KDU+ODS+TOP 09,4.0
367,1.0229006161152148,6.028007491446746,-7.422631433824773,,,,367.0,Zdeněk Matušek,ČSSD+ANO,4.0
368,-0.10556111789658339,-0.3651610958866011,-4.034590885965592,,,,368.0,Jana Zwyrtek Hamplová,NEZ,4.0
369,-3.9289642274705523,2.0331243870613696,0.7342772279521896,,,,369.0,Eva Rajchmanová,KDU+ODS+TOP 09,4.0
63,-5.180630073720229,0.9055717012387412,-1.6941322627375,,,,63.0,Jitka Seitlová,KDU-ČSL,5.0
134,-5.957211835532223,4.841597489956971,-7.236362172564774,,,,134.0,Ondřej Feber,ANO,5.0
171,8.168782858030118,-3.9509697463021127,2.7525088779370592,,,,171.0,Tomáš Jirsa,ODS,5.0
172,4.87196954789583,-1.6687494664243219,3.4240885680075666,,,,172.0,Jiří Oberfalzer,KDU+ODS+TOP 09,5.0
194,5.353804467541765,-2.6986276452972824,5.094300195980092,,,,194.0,Tomáš Töpfer,KDU+ODS+TOP 09,5.0
206,-6.098870378179414,7.438747035443428,-5.503882177397806,,,,206.0,Petr Vícha,ČSSD,5.0
207,2.4516234204961243,2.693948477343706,-0.6096353846007885,,,,207.0,Jiří Čunek,KDU-ČSL,5.0
240,-6.618618596013024,3.1313538869872084,-2.113917998567995,,,,240.0,Miluše Horská,KDU-ČSL+Nestran,5.0
243,6.43201088653245,-4.543306826647869,5.864633386454552,,,,243.0,Miloš Vystrčil,KDU+ODS+TOP 09,5.0
268,6.143890507355941,-0.7998862269353351,-2.376872672790308,,,,268.0,Jaroslav Zeman,ODS,5.0
270,-4.313516755583502,0.9849266973225873,-2.6773995804169304,,,,270.0,Leopold Sulovský,Ostravak,5.0
272,1.3355621661035242,-0.4055298976501983,0.9249974056114587,,,,272.0,Patrik Kunčar,KDU-ČSL,5.0
275,6.345205877962918,-3.059728762104866,1.9197163661226522,,,,275.0,Lumír Aschenbrenner,ODSTOPKDUADSMon,5.0
278,-8.750412055305768,2.880081589308889,-6.767262473554351,,,,278.0,Václav Láska,SEN 21,5.0
281,-3.3253939392643725,0.5809903523095593,-4.520807855460126,,,,281.0,Zbyněk Linhart,STAN+SLK,5.0
282,-4.302551467347768,2.485043727370209,-5.636990055874781,,,,282.0,Jiří Vosecký,STAN+SLK,5.0
298,3.597608858532582,-1.4521077755239848,2.797964870981951,,,,298.0,Jiří Růžička,KDU+ODS+STA+TOP,5.0
300,-5.187053688869734,3.402973475923045,-6.380963197938605,,,,300.0,Michael Canov,SLK,5.0
301,3.9026416622780022,-2.557648585639615,4.7042482673791115,,,,301.0,Tomáš Czernin,KDU+ODS+TOP 09,5.0
302,-2.891789009197374,1.4064724668497146,1.3790804070697171,,,,302.0,Jaromíra Vítková,KDU+ODS+TOP 09,5.0
303,5.993585659158505,-2.885457369230064,5.5929077289233255,,,,303.0,Jiří Dušek,ČSSDODSVasFaktB,5.0
304,-3.6016171453145582,1.1985925860552857,0.18826976053200284,,,,304.0,Lumír Kantor,KDU+ODS+TOP 09,5.0
305,-8.181899423855308,8.024605894264909,-8.354580835387608,,,,305.0,Ladislav Václavec,ANO,5.0
307,8.091353423490608,-5.123505866919805,5.564803176604356,,,,307.0,Zdeněk Nytra,KDU+ODS+TOP 09,5.0
311,-3.5386711317929436,0.01716541459521694,-1.7852302200330867,,,,311.0,Jan Sobotka,STAN,5.0
312,4.9655513175612676,-3.235125228971521,3.1033512006795285,,,,312.0,Tomáš Goláň,SEN 21,5.0
313,-5.71303469618709,0.653452495635368,-3.4235722098521273,,,,313.0,Jiří Drahoš,KDU+Z+STAN+TOP,5.0
314,-6.015718398415919,0.7342441911027686,-4.239889328009852,,,,314.0,Miroslav Balatka,STAN,5.0
315,-7.122973916505631,1.812198130644307,-4.428676630500252,,,,315.0,Přemysl Rabas,SEN 21,5.0
316,6.318192186737387,-2.5324446060257704,1.2998222316608872,,,,316.0,Pavel Karpíšek,ODS,5.0
317,7.901531337520811,-3.857353664209008,5.389544626335575,,,,317.0,Vladislav Vilímec,ODS,5.0
318,7.289669536222297,-3.8294770968545153,3.7937171580806264,,,,318.0,Ladislav Faktor,NK,5.0
319,0.7262150677376611,-1.2492772991116103,-0.5907710232240364,,,,319.0,Pavel Fischer,NK,5.0
320,-8.742788125998342,2.382089434166801,-5.348687963432285,,,,320.0,Lukáš Wagenknecht,Piráti,5.0
321,-8.486132389152251,3.47298974311565,-6.055306539900294,,,,321.0,Marek Hilšer,MHS,5.0
322,4.360492827793582,-2.0553320402982656,4.369349390860871,,,,322.0,Ladislav Chlupáč,ODS,5.0
323,7.326054509008743,-4.863959799841775,2.436314520342383,,,,323.0,Raduan Nwelati,ODS,5.0
324,3.876212372471617,-0.8781539001975828,2.499472264334418,,,,324.0,Zdeněk Hraba,STAN,5.0
325,6.985015707190016,-4.220872560689112,5.169362948093474,,,,325.0,Jan Tecl,ODS+STAN+STO,5.0
326,6.662173137531493,-2.3238183020902707,3.4869637726256735,,,,326.0,Martin Červíček,ODS,5.0
327,8.767451262219724,-4.822690810315688,6.566238167588595,,,,327.0,Michal Kortyš,ODS,5.0
328,-5.887589749799084,1.7952644705109486,-4.094069045479215,,,,328.0,Hana Žáková,STAN,5.0
329,6.565156052849775,-3.7649004844577765,3.798816463567048,,,,329.0,Rostislav Koštial,ODS,5.0
330,-6.26358951988578,0.22990671678317748,1.6490767144897105,,,,330.0,Mikuláš Bek,ZelODSSTANTOP09,5.0
331,7.875782018388051,-3.655395158335914,5.187080666328749,,,,331.0,Jitka Chalánková,NK,5.0
332,-5.849299914091329,6.26972046906442,-6.785356895827508,,,,332.0,Miroslav Adámek,ANO,5.0
333,6.2751570009617605,-3.0125200932391345,5.282826525815832,,,,333.0,Herbert Pavera,ODS+STAN+TOP 09,5.0
334,-5.363207061186302,0.11456931109789964,-1.6393336301301893,,,,334.0,David Smoljak,STAN+Piráti+TOP,5.0
335,7.964686110015526,-2.6201093108372007,3.8795676920443967,,,,335.0,Hynek Hanza,ODS,5.0
336,-6.131208896788935,3.131678041230978,-5.134043555873734,,,,336.0,Miroslav Plevný,STAN,5.0
337,-7.820003745507834,2.7860936277730746,-4.285870085821175,,,,337.0,Ivo Trešl,STAN,5.0
339,7.040131348544666,-3.8487478234298633,5.820084284277392,,,,339.0,Tomáš Fiala,ODS,5.0
340,6.659423132514525,-0.7690917372758125,1.3880683621497525,,,,340.0,Jaroslav Chalupský,Svobodní,5.0
341,-3.5317747149983565,1.4204413537024183,-3.4929226237320163,,,,341.0,Petr Štěpánek,STAN,5.0
342,5.872749246681307,-3.420165785084287,5.473094016192027,,,,342.0,Miroslava Němcová,ODS+STAN+TOP 09,5.0
343,-8.544776511626747,2.178096673992,-5.741712138251203,,,,343.0,Adéla Šípová,Piráti,5.0
344,-6.0821031112607455,2.034866784573547,-4.598935156960939,,,,344.0,Pavel Kárník,STAN,5.0
345,-6.626709663494797,2.627127851769177,-3.0402894169980663,,,,345.0,Jan Holásek,HDK+TOP+SE+Z+LE,5.0
346,6.101505375972441,-3.201726420367147,4.157825773220277,,,,346.0,Jan Grulich,TOP 09+LES,5.0
347,-3.0572438837070877,1.9505485207922424,0.5218218261882308,,,,347.0,Josef Klement,KDU-ČSL,5.0
348,6.399452937896899,-2.715193122291184,4.577777640319645,,,,348.0,Tomáš Třetina,ODS+STAN+TOP 09,5.0
349,-5.919763598230687,0.8655625909891043,-3.3069740663416107,,,,349.0,Karel Zitterbart,STAN,5.0
350,6.419907366972844,-3.3011240650779903,5.586424716368835,,,,350.0,Roman Kraus,ODS+TOP 09,5.0
351,-1.1035388672511701,0.34261396954861606,-1.0496975602339993,,,,351.0,Marek Ošťádal,STAN,5.0
352,-7.455650992337051,2.657295719659282,-3.7631265837039027,,,,352.0,Helena Pešatová,STAN,5.0
353,4.179723084980553,-2.5052494994418373,5.549412427436891,,,,353.0,Ondřej Šimetka,ODS,5.0
354,-2.064641032617773,1.9426607194173438,1.6930875704034876,,,,354.0,Josef Bazala,KDU-ČSL,5.0
355,-8.13598561691702,4.9914543415423545,-4.694248512360124,,,,355.0,Petr Fiala,KDU-ČSL+SproK,5.0
356,-8.154550585152379,7.042872244043602,-7.60110123960908,,,,356.0,Věra Procházková,ANO,5.0
357,5.579865555722802,-2.686421109591394,4.788776505287562,,,,357.0,Jan Paparega,ProMOST,5.0
358,4.103551019853588,-0.015032349892955722,-0.4550009089526957,,,,358.0,Daniela Kovářová,NK,5.0
359,6.829557633227596,-3.9932101610268416,5.908295557207668,,,,359.0,Marek Slabý,KDUODST2020TOP,5.0
361,7.01389997318804,-4.084877765862755,5.732987059764552,,,,361.0,Jan Pirk,KDU+ODS+TOP 09,5.0
362,0.027961473757592725,-1.166008788446799,1.4880608900532224,,,,362.0,Hana Kordová Marvanová,KDU+ODS+TOP 09,5.0
363,1.8601006953258512,-0.2586860390739141,2.006937268818639,,,,363.0,Jarmila Smotlachová,ODS,5.0
364,-7.52386858770824,2.8083762276503803,-2.9560082788820568,,,,364.0,Martin Krsek,SEN 21,5.0
365,-3.303936781369114,1.691555831790059,1.021453172291899,,,,365.0,Bohuslav Procházka,KDU-ČSL,5.0
366,-3.731637103950859,2.137911263317243,-0.24891356220639038,,,,366.0,Ivana Váňová,KDU+ODS+TOP 09,5.0
367,-6.664683020966787,7.694733746599649,-7.873429768708304,,,,367.0,Zdeněk Matušek,ČSSD+ANO,5.0
368,-1.6578496352661651,3.4868492117734715,-5.153452476801845,,,,368.0,Jana Zwyrtek Hamplová,NEZ,5.0
369,-5.118684409049753,3.090622821423755,-1.235164306910531,,,,369.0,Eva Rajchmanová,KDU+ODS+TOP 09,5.0
